{
  "mode": "http",
  "vus": 150,
  "durationSec": 20.142664,
  "throughputRps": 8569.62117821158,
  "httpReqs": 172615,
  "errorRatePct": 0,
  "latencyMs": {
    "p50": 7.876,
    "p95": 43.735399999999935,
    "p99": 217.48515999999998,
    "p999": 317.2214940000015,
    "avg": 17.318659206905703,
    "max": 1038.638
  }
}