{
  "mode": "queue",
  "vus": 150,
  "durationSec": 20.196600999999998,
  "throughputRps": 24241.306742654375,
  "httpReqs": 489592,
  "errorRatePct": 0,
  "latencyMs": {
    "p50": 2.507,
    "p95": 8.001449999999979,
    "p99": 202.62909,
    "p999": 209.616,
    "avg": 6.115498490579993,
    "max": 1411.435
  }
}