{
  "mode": "http",
  "vus": 150,
  "durationSec": 20.219988,
  "throughputRps": 11817.019871624057,
  "httpReqs": 238940,
  "errorRatePct": 0,
  "latencyMs": {
    "p50": 4.394,
    "p95": 25.29804999999999,
    "p99": 208.90661,
    "p999": 602.809196000001,
    "avg": 12.531086360592667,
    "max": 1413.928
  }
}