{
  "mode": "queue",
  "vus": 150,
  "durationSec": 20.00425,
  "throughputRps": 20403.464263843933,
  "httpReqs": 408156,
  "errorRatePct": 0,
  "latencyMs": {
    "p50": 3.624,
    "p95": 15.552,
    "p99": 201.60545,
    "p999": 221.06157500000157,
    "avg": 7.3065521516283,
    "max": 1409.726
  }
}