{
  "mode": "queue",
  "vus": 150,
  "durationSec": 20.199897,
  "throughputRps": 21223.821091761012,
  "httpReqs": 428719,
  "errorRatePct": 0,
  "latencyMs": {
    "p50": 3.75,
    "p95": 9.749,
    "p99": 203.08582,
    "p999": 209.85253800000044,
    "avg": 6.9604673853971635,
    "max": 643.012
  }
}