{
  "mode": "queue",
  "vus": 150,
  "durationSec": 20.105649,
  "throughputRps": 19529.088566103983,
  "httpReqs": 392645,
  "errorRatePct": 0,
  "latencyMs": {
    "p50": 3.101,
    "p95": 16.19079999999998,
    "p99": 202.89267999999998,
    "p999": 222.64005200000074,
    "avg": 7.598981667918692,
    "max": 1409.322
  }
}