{
  "mode": "http",
  "vus": 150,
  "durationSec": 20.175516,
  "throughputRps": 5650.710494839389,
  "httpReqs": 114006,
  "errorRatePct": 0,
  "latencyMs": {
    "p50": 13.141,
    "p95": 83.96999999999998,
    "p99": 207.52355,
    "p999": 400.9078250001712,
    "avg": 26.295998710594343,
    "max": 1154.724
  }
}