{
  "mode": "http",
  "vus": 150,
  "durationSec": 20.014136999999998,
  "throughputRps": 11808.15340676443,
  "httpReqs": 236330,
  "errorRatePct": 0,
  "latencyMs": {
    "p50": 5.448,
    "p95": 22.534,
    "p99": 211.06884,
    "p999": 318.3277100000003,
    "avg": 12.645947002073312,
    "max": 1407.035
  }
}