{
  "mode": "http",
  "vus": 150,
  "durationSec": 22.890206,
  "throughputRps": 9988.464061878693,
  "httpReqs": 228638,
  "errorRatePct": 0,
  "latencyMs": {
    "p50": 2.933,
    "p95": 29.38629999999998,
    "p99": 208.38526,
    "p999": 606.4699930000003,
    "avg": 13.179698086057693,
    "max": 4003.866
  }
}