{
  "mode": "queue",
  "vus": 150,
  "durationSec": 20.906427,
  "throughputRps": 16100.551280235499,
  "httpReqs": 336605,
  "errorRatePct": 0,
  "latencyMs": {
    "p50": 2.511,
    "p95": 20.870799999999985,
    "p99": 202.507,
    "p999": 241.72333600000985,
    "avg": 8.913434176557221,
    "max": 3500.258
  }
}