{
  "mode": "http",
  "vus": 150,
  "durationSec": 20.073114,
  "throughputRps": 1842.7135919220107,
  "httpReqs": 36989,
  "errorRatePct": 95.1066533293682,
  "latencyMs": {
    "p50": 80.305,
    "p95": 102.0756,
    "p99": 113.84312,
    "p999": 222.28107600000175,
    "avg": 81.17421979507462,
    "max": 356.876
  }
}