{
  "mode": "queue",
  "vus": 150,
  "durationSec": 20.005581999999997,
  "throughputRps": 15663.528309248892,
  "httpReqs": 313358,
  "errorRatePct": 0,
  "latencyMs": {
    "p50": 5.338,
    "p95": 12.504,
    "p99": 205.50643,
    "p999": 214.5090730000004,
    "avg": 9.523984350168357,
    "max": 676.527
  }
}