{
  "mode": "http",
  "vus": 150,
  "durationSec": 22.468829000000003,
  "throughputRps": 7104.82063840532,
  "httpReqs": 159637,
  "errorRatePct": 0,
  "latencyMs": {
    "p50": 8.488,
    "p95": 31.53719999999999,
    "p99": 212.14064,
    "p999": 613.9677440000008,
    "avg": 18.881230942701404,
    "max": 6768.61
  }
}