{
  "mode": "queue",
  "vus": 150,
  "durationSec": 20.022657,
  "throughputRps": 6209.965041103186,
  "httpReqs": 124340,
  "errorRatePct": 95.02654013189641,
  "latencyMs": {
    "p50": 22.424,
    "p95": 39.261,
    "p99": 51.12961,
    "p999": 77.35522000000027,
    "avg": 24.09992685378836,
    "max": 1063.665
  }
}