{
  "mode": "http",
  "vus": 150,
  "durationSec": 20.180636,
  "throughputRps": 7829.138784327709,
  "httpReqs": 157997,
  "errorRatePct": 0,
  "latencyMs": {
    "p50": 13.403,
    "p95": 35.60639999999999,
    "p99": 212.58620000000002,
    "p999": 236.9842200000053,
    "avg": 18.9570605138078,
    "max": 637.218
  }
}