{
  "mode": "queue",
  "vus": 150,
  "durationSec": 22.120942,
  "throughputRps": 3244.120435739129,
  "httpReqs": 71763,
  "errorRatePct": 95.03086548778619,
  "latencyMs": {
    "p50": 16.189,
    "p95": 63.41169999999995,
    "p99": 1014.42038,
    "p999": 2432.02070400596,
    "avg": 41.91000837478886,
    "max": 7036.213
  }
}